repeat,case_id,n_eval_points,fem_seconds,pinn_eval_seconds,speedup_fem_over_pinn_eval,top_uz_mae_pct,volume_mae_pct
0,supervised_extreme,605,0.050465,0.002091,24.129859,7.429146,4.176466
0,mixed_midrange,605,0.077537,0.001206,64.292600,3.841322,3.364265
1,supervised_extreme,605,0.042696,0.001103,38.725241,7.429146,4.176466
1,mixed_midrange,605,0.069016,0.001148,60.129217,3.841322,3.364265
2,supervised_extreme,605,0.041881,0.001109,37.761526,7.429146,4.176466
2,mixed_midrange,605,0.068671,0.001261,54.471594,3.841322,3.364265
