{
  "model_path": "one-layer-workflow/pinn_model.pth",
  "mesh": {
    "ne_x": 8,
    "ne_y": 8,
    "ne_z": 4
  },
  "initial_params": {
    "PINN_DISPLACEMENT_COMPLIANCE_SCALE": 1.0,
    "PINN_E_COMPLIANCE_POWER": 0.973,
    "PINN_THICKNESS_COMPLIANCE_ALPHA": 1.234
  },
  "tuned_params": {
    "PINN_DISPLACEMENT_COMPLIANCE_SCALE": 0.7360429019668411,
    "PINN_E_COMPLIANCE_POWER": 0.9743937316337181,
    "PINN_THICKNESS_COMPLIANCE_ALPHA": 0.5784595573516915
  },
  "calibration_metrics_initial": {
    "top_mae_pct_mean": 12.83564263372102,
    "top_mae_pct_worst": 25.068832186187283,
    "volume_mae_pct_mean": 4.713087439024147,
    "volume_mae_pct_worst": 8.660829241562148,
    "top_max_pct_worst": 114.00466412899729,
    "all_top_cases_below_5_pct": false
  },
  "calibration_metrics_tuned": {
    "top_mae_pct_mean": 1.5302920137373788,
    "top_mae_pct_worst": 1.5640583935855814,
    "volume_mae_pct_mean": 1.0809681945261709,
    "volume_mae_pct_worst": 1.3200363475517545,
    "top_max_pct_worst": 15.252771685144019,
    "all_top_cases_below_5_pct": true
  },
  "holdout_metrics_initial": {
    "top_mae_pct_mean": 11.280138469270653,
    "top_mae_pct_worst": 21.155498500807006,
    "volume_mae_pct_mean": 4.257942571902522,
    "volume_mae_pct_worst": 7.350893936762522,
    "top_max_pct_worst": 90.6120250917361,
    "all_top_cases_below_5_pct": false
  },
  "holdout_metrics_tuned": {
    "top_mae_pct_mean": 1.9077310607891749,
    "top_mae_pct_worst": 2.7441464970642593,
    "volume_mae_pct_mean": 1.2330798089344301,
    "volume_mae_pct_worst": 1.6282190106821561,
    "top_max_pct_worst": 12.39904746943042,
    "all_top_cases_below_5_pct": true
  },
  "note": "This tunes only the existing PINN compliance map. The PINN remains the solver; FEM is the reference."
}