{
  "model_path": "graphs/data/ablation_runs/full_framework/pinn_model.pth",
  "mesh": {
    "ne_x": 8,
    "ne_y": 8,
    "ne_z": 4
  },
  "base_params": {
    "PINN_DISPLACEMENT_COMPLIANCE_SCALE": 1.0,
    "PINN_E_COMPLIANCE_POWER": 0.95,
    "PINN_THICKNESS_COMPLIANCE_ALPHA": 3.0
  },
  "feature_names": [
    "bias",
    "log_e_mean",
    "log_e1",
    "log_e2",
    "log_e3",
    "log_h_over_total_t",
    "t1_fraction",
    "t2_fraction",
    "t3_fraction",
    "z_hat",
    "z_hat_squared",
    "load_patch_indicator",
    "x_centered",
    "y_centered",
    "x_centered_squared",
    "y_centered_squared",
    "x_y_centered",
    "load_patch_x_centered",
    "load_patch_y_centered",
    "load_patch_x_centered_squared",
    "load_patch_y_centered_squared"
  ],
  "feature_coefficients": [
    0.47638021295686467,
    1.3346975890812567,
    -0.5887353246057043,
    -0.44720556131228195,
    -0.6566588747484053,
    0.035392775109713094,
    0.39733856444777177,
    0.23404465060959545,
    -0.15500300209971735,
    0.006242585031898227,
    -0.008766970010952023,
    0.48494131012282793,
    -0.051381952428585995,
    -0.1283818732306287,
    -0.9383988376242771,
    -0.9304138269794878,
    0.0062171281827645185,
    0.0044466003141167415,
    0.01090742113078533,
    -0.01533250408526078,
    -0.015265847565051257
  ],
  "log_multiplier_clip": 1.5,
  "fit_scope": "uz",
  "calibration_metrics_uncalibrated": {
    "top_mae_pct_mean": 10.464895862846259,
    "top_mae_pct_worst": 14.657399625078284,
    "volume_mae_pct_mean": 4.919240133182742,
    "volume_mae_pct_worst": 6.522589860842963,
    "top_max_pct_worst": 88.07382193091834,
    "all_top_cases_below_5_pct": false
  },
  "calibration_metrics_tuned": {
    "top_mae_pct_mean": 3.8175695878484524,
    "top_mae_pct_worst": 6.0042554225846185,
    "volume_mae_pct_mean": 2.72297393803545,
    "volume_mae_pct_worst": 3.5931287317845997,
    "top_max_pct_worst": 46.550578096891144,
    "all_top_cases_below_5_pct": false
  },
  "holdout_metrics_uncalibrated": {
    "top_mae_pct_mean": 7.661980808041466,
    "top_mae_pct_worst": 8.870901751149455,
    "volume_mae_pct_mean": 4.095718384156381,
    "volume_mae_pct_worst": 4.657079373700214,
    "top_max_pct_worst": 78.15829932567785,
    "all_top_cases_below_5_pct": false
  },
  "holdout_metrics_tuned": {
    "top_mae_pct_mean": 4.782956643705486,
    "top_mae_pct_worst": 14.940262997149272,
    "volume_mae_pct_mean": 3.105327448294183,
    "volume_mae_pct_worst": 6.35961652055127,
    "top_max_pct_worst": 60.533075404461314,
    "all_top_cases_below_5_pct": false
  },
  "note": "The PINN remains the solver. This file defines a transparent multiplicative compliance calibration applied to PINN displacement outputs."
}