Case,PINN,FEA,Error (%)
Standard Sandwich (Stiff-Soft-Stiff),0.4026939876359039,0.4174524313843066,3.535359393994298
Soft-Stiff-Soft (Inverted),0.4612705495000049,1.3875792827730489,66.75717523122967
Thickness Gradient,2.7110890163202734,0.5352480708872331,406.5107496466717
Homogeneous Soft (E=1),0.6206896946699949,2.4828830345528172,75.00125112491314
Homogeneous Stiff (E=10),0.1773800975803754,0.24828830345346234,28.55881847304883
